"CLASSNUMBER","ID","NAME","PARENTBYID","SCHOOL"
"6","1638775888643","Student1","1638775888463","school 103"
"7","1638775888690","Student2","1638775888463","school 103"
"6","1638776030890","Student1","1638776030704","school 103"
"7","1638776030969","Student2","1638776030704","school 103"
"6","1638776653868","Student1","1638776653701","school 103"
"7","1638776653921","Student2","1638776653701","school 103"
"6","1638776814205","Student1","1638776814064","school 103"
"7","1638776814258","Student2","1638776814064","school 103"
"6","1638776850825","Student1","1638776850651","school 103"
"7","1638776850869","Student2","1638776850651","school 103"
